insert into MISSIONDATA values('01/01/15');
insert into MISSIONDATA values('01/02/15');
insert into MISSIONDATA values('01/03/15');
insert into MISSIONDATA values('01/04/15');
insert into MISSIONDATA values('01/05/15');
insert into MISSIONDATA values('01/06/15');
insert into MISSIONDATA values('01/07/15');
insert into MISSIONDATA values('01/08/15');
insert into MISSIONDATA values('01/09/15');
insert into MISSIONDATA values('01/10/15');

insert into TEMPERATUREDATA values('01/01/15', '0001', 12.13, 75.13, 299.13);
insert into TEMPERATUREDATA values('01/01/15', '0101', 17.13, 85.13, 314.13);
insert into TEMPERATUREDATA values('01/01/15', '0201', 15.13, 82.13, 307.13);
insert into TEMPERATUREDATA values('01/02/15', '0001', 15.13, 82.13, 307.13);
insert into TEMPERATUREDATA values('01/02/15', '0101', 15.13, 82.13, 307.13);
insert into TEMPERATUREDATA values('01/02/15', '0201', 15.13, 82.13, 307.13);
insert into TEMPERATUREDATA values('01/03/15', '0001', 15.13, 82.13, 307.13);
insert into TEMPERATUREDATA values('01/03/15', '0101', 15.13, 82.13, 307.13);
insert into TEMPERATUREDATA values('01/03/15', '0201', 15.13, 82.13, 307.13);
insert into TEMPERATUREDATA values('01/04/15', '0001', 15.13, 82.13, 307.13);
insert into TEMPERATUREDATA values('01/04/15', '0101', 15.13, 82.13, 307.13);
insert into TEMPERATUREDATA values('01/04/15', '0201', 15.13, 82.13, 307.13);
insert into TEMPERATUREDATA values('01/05/15', '0001', 15.13, 82.13, 307.13);
insert into TEMPERATUREDATA values('01/05/15', '0101', 15.13, 82.13, 307.13);
insert into TEMPERATUREDATA values('01/05/15', '0201', 15.13, 82.13, 307.13);


insert into HAS_DATA values('01/01/15', '0001');
insert into HAS_DATA values('01/01/15', '0101');
insert into HAS_DATA values('01/01/15', '0201');
insert into HAS_DATA values('01/02/15', '0001');
insert into HAS_DATA values('01/02/15', '0101');
insert into HAS_DATA values('01/02/15', '0201');
insert into HAS_DATA values('01/03/15', '0001');
insert into HAS_DATA values('01/03/15', '0101');
insert into HAS_DATA values('01/03/15', '0201');
insert into HAS_DATA values('01/04/15', '0001');
insert into HAS_DATA values('01/04/15', '0101');
insert into HAS_DATA values('01/04/15', '0201');
insert into HAS_DATA values('01/05/15', '0001');
insert into HAS_DATA values('01/05/15', '0101');
insert into HAS_DATA values('01/05/15', '0201');
insert into HAS_DATA values('01/06/15', '0001');
insert into HAS_DATA values('01/06/15', '0101');
insert into HAS_DATA values('01/06/15', '0201');
insert into HAS_DATA values('01/07/15', '0001');
insert into HAS_DATA values('01/07/15', '0101');
insert into HAS_DATA values('01/07/15', '0201');
insert into HAS_DATA values('01/08/15', '0001');
insert into HAS_DATA values('01/08/15', '0101');
insert into HAS_DATA values('01/08/15', '0201');
insert into HAS_DATA values('01/09/15', '0001');
insert into HAS_DATA values('01/09/15', '0101');
insert into HAS_DATA values('01/09/15', '0201');
insert into HAS_DATA values('01/10/15', '0001');
insert into HAS_DATA values('01/10/15', '0101');
insert into HAS_DATA values('01/10/15', '0201');
